origin_id,destination_id,total_cost
H1,C1,117.8910388
H1,C2,195.4809014
H1,C3,173.2736471
H1,C4,254.7894486
H1,C5,538.2360902
H1,C6,727.5682418
H1,C8,685.7532387
H1,C9,261.6244899
H1,C10,514.620402
H1,C11,758.35649
H1,C12,888.7487323
H1,C13,1018.026551
H1,C14,1049.516521
H1,C15,1059.026615
H1,C16,1256.806091
H1,C17,1470.02394
H1,C18,1720.871947
H1,C19,2062.890889
H1,C20,1763.438772
H1,C7,1579.081889
H1,C21,1096.633908
H1,C22,1940.402044
H1,C23,1882.424025
H1,C24,1902.743259
H1,C25,605.2677206
H1,C26,1330.818303
H1,C27,607.9515715
H1,C28,1450.844704
H1,C31,781.523237
H1,C29,323.4618536
H1,C30,1145.846306
H2,C1,215.3835054
H2,C2,292.9733681
H2,C3,270.7661137
H2,C4,352.2819152
H2,C5,635.7285568
H2,C6,750.3065569
H2,C8,783.2457053
H2,C9,359.1169565
H2,C10,612.1128686
H2,C11,855.8489566
H2,C12,986.2411989
H2,C13,1115.519017
H2,C14,1147.008988
H2,C15,1100.253045
H2,C16,1298.032521
H2,C17,1567.516407
H2,C18,1818.364413
H2,C19,2065.556428
H2,C20,1694.59713
H2,C7,1510.240247
H2,C21,1137.860338
H2,C22,1871.560402
H2,C23,1979.916492
H2,C24,2000.235726
H2,C25,702.7601873
H2,C26,1428.31077
H2,C27,705.4440382
H2,C28,1382.003062
H2,C31,879.0157036
H2,C29,254.6202113
H2,C30,1243.338773
H3,C1,345.6003751
H3,C2,423.1902378
H3,C3,180.6889877
H3,C4,98.23138327
H3,C5,257.1453572
H3,C6,446.4775089
H3,C8,404.6625057
H3,C9,466.1457102
H3,C10,719.1416222
H3,C11,962.8777103
H3,C12,1093.269953
H3,C13,1222.547771
H3,C14,1254.037742
H3,C15,777.9358825
H3,C16,975.7153582
H3,C17,1482.560207
H3,C18,1733.408214
H3,C19,1857.619801
H3,C20,1486.660503
H3,C7,1302.30362
H3,C21,815.5431752
H3,C22,1663.623775
H3,C23,1894.960292
H3,C24,1915.279526
H3,C25,324.1769877
H3,C26,1535.339523
H3,C27,326.8608386
H3,C28,1174.066435
H3,C31,986.0444572
H3,C29,647.369978
H3,C30,1350.367526
H4,C1,1056.677804
H4,C2,1134.267666
H4,C3,1088.872296
H4,C4,1170.388097
H4,C5,1453.834739
H4,C6,1643.166891
H4,C8,1601.351887
H4,C9,812.8334846
H4,C10,548.7315418
H4,C11,309.6915252
H4,C12,188.250014
H4,C13,149.4935823
H4,C14,608.546498
H4,C15,1974.625264
H4,C16,2172.40474
H4,C17,1029.053917
H4,C18,1279.901923
H4,C19,1621.920865
H4,C20,1642.05227
H4,C7,1457.695386
H4,C21,2012.232557
H4,C22,1819.015542
H4,C23,1441.454002
H4,C24,1461.773236
H4,C25,1520.866369
H4,C26,889.8482796
H4,C27,1523.55022
H4,C28,1323.54248
H4,C31,467.5047102
H4,C29,1358.447407
H4,C30,704.8762826
H5,C1,1070.724203
H5,C2,1148.314065
H5,C3,1102.918695
H5,C4,1184.434496
H5,C5,1467.881138
H5,C6,1657.21329
H5,C8,1615.398286
H5,C9,826.8798835
H5,C10,562.7779408
H5,C11,323.7379242
H5,C12,202.2964129
H5,C13,202.2964129
H5,C14,622.5928969
H5,C15,1988.671663
H5,C16,2186.451139
H5,C17,1043.100316
H5,C18,1293.948322
H5,C19,1635.967264
H5,C20,1656.098669
H5,C7,1471.741785
H5,C21,2026.278956
H5,C22,1833.061941
H5,C23,1455.500401
H5,C24,1475.819635
H5,C25,1534.912768
H5,C26,903.8946785
H5,C27,1537.596619
H5,C28,1337.588879
H5,C31,481.5511092
H5,C29,1372.493805
H5,C30,718.9226815
H6,C1,733.7560593
H6,C2,811.3459219
H6,C3,765.9505515
H6,C4,847.466353
H6,C5,1130.912995
H6,C6,1320.245146
H6,C8,1278.430143
H6,C9,489.9117402
H6,C10,225.8097974
H6,C11,121.4162188
H6,C12,251.8084611
H6,C13,381.0862794
H6,C14,412.5762502
H6,C15,1651.70352
H6,C16,1849.482996
H6,C17,833.083669
H6,C18,1083.931676
H6,C19,1425.950617
H6,C20,1446.082022
H6,C7,1261.725138
H6,C21,1689.310812
H6,C22,1623.045294
H6,C23,1245.483754
H6,C24,1265.802988
H6,C25,1197.944625
H6,C26,693.8780318
H6,C27,1200.628476
H6,C28,1127.572232
H6,C31,78.66635996
H6,C29,1035.525662
H6,C30,508.9060348
H7,C1,770.112649
H7,C2,847.7025116
H7,C3,802.3071412
H7,C4,883.8229427
H7,C5,1167.269584
H7,C6,1356.601736
H7,C8,1314.786733
H7,C9,526.2683299
H7,C10,262.1663871
H7,C11,157.7728085
H7,C12,288.1650508
H7,C13,417.442869
H7,C14,448.9328399
H7,C15,1688.060109
H7,C16,1885.839585
H7,C17,869.4402587
H7,C18,1120.288265
H7,C19,1462.307207
H7,C20,1482.438612
H7,C7,1298.081728
H7,C21,1725.667402
H7,C22,1659.401884
H7,C23,1281.840344
H7,C24,1302.159578
H7,C25,1234.301215
H7,C26,730.2346215
H7,C27,1236.985066
H7,C28,1163.928822
H7,C31,44.63866056
H7,C29,1071.882252
H7,C30,545.2626245
H8,C1,799.8431674
H8,C2,877.43303
H8,C3,832.0376596
H8,C4,913.5534611
H8,C5,1197.000103
H8,C6,1386.332254
H8,C8,1344.517251
H8,C9,555.9988483
H8,C10,291.8969055
H8,C11,306.0251174
H8,C12,436.4173597
H8,C13,565.6951779
H8,C14,597.1851487
H8,C15,1717.790628
H8,C16,1915.570104
H8,C17,1017.692568
H8,C18,1268.540574
H8,C19,1610.559516
H8,C20,1630.690921
H8,C7,1446.334037
H8,C21,1755.397921
H8,C22,1807.654193
H8,C23,1430.092652
H8,C24,1450.411886
H8,C25,1264.031733
H8,C26,878.4869304
H8,C27,1266.715584
H8,C28,1312.181131
H8,C31,329.1918644
H8,C29,1101.61277
H8,C30,693.5149334
H9,C1,1230.315564
H9,C2,1307.905426
H9,C3,1262.510056
H9,C4,1344.025857
H9,C5,1627.472499
H9,C6,1634.527238
H9,C8,1774.989647
H9,C9,986.4712445
H9,C10,722.3693017
H9,C11,491.0242266
H9,C12,621.4164688
H9,C13,750.6942871
H9,C14,197.8377857
H9,C15,1984.473726
H9,C16,2182.253201
H9,C17,611.0988634
H9,C18,861.94687
H9,C19,1203.965812
H9,C20,1224.097216
H9,C7,1039.740333
H9,C21,2022.081018
H9,C22,1401.060488
H9,C23,1023.498948
H9,C24,1043.818182
H9,C25,1694.504129
H9,C26,471.8932261
H9,C27,1697.18798
H9,C28,905.5874265
H9,C31,641.1424701
H9,C29,1532.085166
H9,C30,91.68044581
H10,C1,865.6470251
H10,C2,943.2368877
H10,C3,897.8415173
H10,C4,979.3573188
H10,C5,1262.80396
H10,C6,1452.136112
H10,C8,1410.321109
H10,C9,621.802706
H10,C10,357.7007632
H10,C11,126.355688
H10,C12,256.7479303
H10,C13,386.0257485
H10,C14,282.8041669
H10,C15,1783.594486
H10,C16,1981.373961
H10,C17,703.3115857
H10,C18,954.1595923
H10,C19,1296.178534
H10,C20,1316.309939
H10,C7,1131.953055
H10,C21,1821.201778
H10,C22,1493.273211
H10,C23,1115.711671
H10,C24,1136.030905
H10,C25,1329.835591
H10,C26,564.1059485
H10,C27,1332.519442
H10,C28,997.8001489
H10,C31,276.4739316
H10,C29,1167.416628
H10,C30,379.1339515
H11,C1,955.1025891
H11,C2,1032.692452
H11,C3,987.2970814
H11,C4,1068.812883
H11,C5,1352.259524
H11,C6,1541.591676
H11,C8,1499.776673
H11,C9,711.2582701
H11,C10,447.1563273
H11,C11,215.8112521
H11,C12,346.2034944
H11,C13,475.4813126
H11,C14,207.8840714
H11,C15,1873.05005
H11,C16,2070.829525
H11,C17,628.3914903
H11,C18,879.2394969
H11,C19,1221.258439
H11,C20,1241.389843
H11,C7,1057.03296
H11,C21,1910.657342
H11,C22,1418.353115
H11,C23,1040.791575
H11,C24,1061.110809
H11,C25,1419.291155
H11,C26,489.185853
H11,C27,1421.975006
H11,C28,922.8800534
H11,C31,365.9294957
H11,C29,1256.872192
H11,C30,304.213856
H12,C1,1239.21625
H12,C2,1316.806113
H12,C3,1271.410742
H12,C4,1352.926544
H12,C5,1636.373185
H12,C6,1643.427924
H12,C8,1783.890334
H12,C9,995.3719309
H12,C10,731.2699882
H12,C11,499.924913
H12,C12,630.3171553
H12,C13,759.5949735
H12,C14,206.7384721
H12,C15,1993.374412
H12,C16,2191.153888
H12,C17,619.9995498
H12,C18,870.8475564
H12,C19,1212.866498
H12,C20,1232.997903
H12,C7,1048.641019
H12,C21,2030.981705
H12,C22,1409.961175
H12,C23,1032.399635
H12,C24,1052.718869
H12,C25,1703.404816
H12,C26,480.7939126
H12,C27,1706.088667
H12,C28,914.488113
H12,C31,650.0431566
H12,C29,1540.985853
H12,C30,100.5811323
H13,C1,1287.511291
H13,C2,1365.101154
H13,C3,1319.705784
H13,C4,1401.221585
H13,C5,1684.668227
H13,C6,1691.722966
H13,C8,1832.185375
H13,C9,1043.666972
H13,C10,779.5650296
H13,C11,548.2199544
H13,C12,678.6121967
H13,C13,807.8900149
H13,C14,255.0335136
H13,C15,2041.669454
H13,C16,2239.448929
H13,C17,668.2945913
H13,C18,919.1425978
H13,C19,1261.16154
H13,C20,1281.292944
H13,C7,1096.936061
H13,C21,2079.276746
H13,C22,1458.256216
H13,C23,1080.694676
H13,C24,1101.01391
H13,C25,1751.699857
H13,C26,529.088954
H13,C27,1754.383708
H13,C28,962.7831544
H13,C31,698.338198
H13,C29,1589.280894
H13,C30,148.8761737
H14,C1,1296.166256
H14,C2,1373.756118
H14,C3,1328.360748
H14,C4,1409.876549
H14,C5,1616.956479
H14,C6,1429.667168
H14,C8,1618.870332
H14,C9,1052.321937
H14,C10,788.2199939
H14,C11,556.8749187
H14,C12,687.267161
H14,C13,816.5449792
H14,C14,263.6884778
H14,C15,1779.613656
H14,C16,1977.393132
H14,C17,406.2387939
H14,C18,657.0868005
H14,C19,999.1057422
H14,C20,1019.237147
H14,C7,834.8802633
H14,C21,1817.220949
H14,C22,1196.200419
H14,C23,818.6388787
H14,C24,838.9581128
H14,C25,1744.101404
H14,C26,267.0331566
H14,C27,1542.874757
H14,C28,700.727357
H14,C31,706.9931623
H14,C29,1597.935859
H14,C30,352.7719213
H15,C1,1136.798376
H15,C2,1214.388239
H15,C3,1168.992868
H15,C4,1250.50867
H15,C5,1533.955311
H15,C6,1412.45838
H15,C8,1601.661543
H15,C9,892.9540569
H15,C10,628.8521141
H15,C11,397.5070389
H15,C12,527.8992812
H15,C13,657.1770994
H15,C14,104.320598
H15,C15,1762.404868
H15,C16,1960.184344
H15,C17,389.0300055
H15,C18,639.8780121
H15,C19,981.8969538
H15,C20,1002.028358
H15,C7,817.6714749
H15,C21,1800.012161
H15,C22,1178.991631
H15,C23,801.4300903
H15,C24,821.7493244
H15,C25,1600.986942
H15,C26,249.8243682
H15,C27,1525.665968
H15,C28,683.5185686
H15,C31,547.6252825
H15,C29,1438.567979
H15,C30,193.4040415
H16,C1,1212.943118
H16,C2,1290.532981
H16,C3,1245.137611
H16,C4,1326.653412
H16,C5,1543.762583
H16,C6,1356.473273
H16,C8,1545.676436
H16,C9,969.0987994
H16,C10,704.9968566
H16,C11,473.6517814
H16,C12,604.0440237
H16,C13,733.3218419
H16,C14,180.4653405
H16,C15,1706.419761
H16,C16,1904.199236
H16,C17,333.0448983
H16,C18,583.8929049
H16,C19,925.9118466
H16,C20,946.0432512
H16,C7,761.6863677
H16,C21,1744.027053
H16,C22,1123.006523
H16,C23,745.4449831
H16,C24,765.7642172
H16,C25,1670.907509
H16,C26,193.8392611
H16,C27,1469.680861
H16,C28,627.5334615
H16,C31,623.770025
H16,C29,1514.712721
H16,C30,269.548784
H17,C1,1515.530496
H17,C2,1593.120359
H17,C3,1547.724988
H17,C4,1561.788504
H17,C5,1283.187844
H17,C6,1095.898533
H17,C8,1285.101697
H17,C9,1271.686177
H17,C10,1007.584234
H17,C11,776.2391592
H17,C12,906.6314015
H17,C13,1035.90922
H17,C14,483.0527183
H17,C15,1445.845021
H17,C16,1643.624497
H17,C17,66.8999563
H17,C18,249.7122407
H17,C19,591.7311824
H17,C20,685.4685114
H17,C7,501.1116279
H17,C21,1483.452314
H17,C22,795.084676
H17,C23,411.2643188
H17,C24,431.5835529
H17,C25,1410.332769
H17,C26,194.8199397
H17,C27,1209.106122
H17,C28,366.9587217
H17,C31,926.3574028
H17,C29,1493.252667
H17,C30,572.1361618
H18,C1,1586.595099
H18,C2,1664.184962
H18,C3,1618.789591
H18,C4,1632.853107
H18,C5,1354.252446
H18,C6,1166.963135
H18,C8,1356.166299
H18,C9,1342.75078
H18,C10,1078.648837
H18,C11,847.3037619
H18,C12,977.6960042
H18,C13,1106.973822
H18,C14,554.117321
H18,C15,1516.909624
H18,C16,1714.689099
H18,C17,137.964559
H18,C18,218.4169157
H18,C19,560.4358574
H18,C20,756.5331141
H18,C7,572.1762306
H18,C21,1554.516916
H18,C22,763.789351
H18,C23,379.9689939
H18,C24,400.288228
H18,C25,1481.397371
H18,C26,265.8845424
H18,C27,1280.170724
H18,C28,438.0233243
H18,C31,997.4220055
H18,C29,1564.317269
H18,C30,643.2007644
H19,C1,1632.055925
H19,C2,1709.645787
H19,C3,1664.250417
H19,C4,1678.313932
H19,C5,1399.713272
H19,C6,1212.423961
H19,C8,1401.627125
H19,C9,1388.211605
H19,C10,1124.109663
H19,C11,892.7645875
H19,C12,1023.15683
H19,C13,1152.434648
H19,C14,599.5781466
H19,C15,1562.370449
H19,C16,1760.149925
H19,C17,183.4253846
H19,C18,138.3893872
H19,C19,480.408329
H19,C20,801.9939397
H19,C7,617.6370562
H19,C21,1599.977742
H19,C22,683.7618225
H19,C23,299.9414654
H19,C24,320.2606995
H19,C25,1526.858197
H19,C26,311.345368
H19,C27,1325.63155
H19,C28,483.4841499
H19,C31,1042.882831
H19,C29,1609.778095
H19,C30,688.6615901
H20,C1,1831.301301
H20,C2,1908.891164
H20,C3,1863.495794
H20,C4,1877.559309
H20,C5,1598.958649
H20,C6,1411.669338
H20,C8,1600.872502
H20,C9,1587.456982
H20,C10,1323.35504
H20,C11,1092.009964
H20,C12,1222.402207
H20,C13,1351.680025
H20,C14,798.8235236
H20,C15,1761.615826
H20,C16,1959.395302
H20,C17,382.6707616
H20,C18,122.4336138
H20,C19,456.4638631
H20,C20,829.7506065
H20,C7,816.8824332
H20,C21,1799.223119
H20,C22,659.8173567
H20,C23,81.21647378
H20,C24,296.3162337
H20,C25,1726.103574
H20,C26,510.590745
H20,C27,1524.876927
H20,C28,682.7295269
H20,C31,1242.128208
H20,C29,1809.023472
H20,C30,887.906967
H21,C1,2011.114503
H21,C2,2088.704366
H21,C3,2043.308996
H21,C4,2057.372511
H21,C5,1778.771851
H21,C6,1591.48254
H21,C8,1780.685704
H21,C9,1767.270184
H21,C10,1503.168241
H21,C11,1271.823166
H21,C12,1402.215409
H21,C13,1531.493227
H21,C14,978.6367254
H21,C15,1941.429028
H21,C16,2139.208504
H21,C17,562.4839633
H21,C18,302.2468156
H21,C19,636.2770649
H21,C20,1009.563808
H21,C7,996.695635
H21,C21,1979.036321
H21,C22,839.6305585
H21,C23,144.8400473
H21,C24,476.1294354
H21,C25,1905.916776
H21,C26,690.4039468
H21,C27,1704.690129
H21,C28,862.5427287
H21,C31,1421.94141
H21,C29,1988.836674
H21,C30,1067.720169
H22,C1,1937.636451
H22,C2,2015.226314
H22,C3,1969.830944
H22,C4,1983.894459
H22,C5,1705.293799
H22,C6,1518.004488
H22,C8,1707.207652
H22,C9,1693.792132
H22,C10,1429.69019
H22,C11,1198.345114
H22,C12,1328.737357
H22,C13,1458.015175
H22,C14,905.1586736
H22,C15,1867.950976
H22,C16,2065.730452
H22,C17,489.0059115
H22,C18,228.7687638
H22,C19,562.7990131
H22,C20,936.0857565
H22,C7,923.2175832
H22,C21,1905.558269
H22,C22,766.1525067
H22,C23,71.36199551
H22,C24,402.6513836
H22,C25,1832.438724
H22,C26,616.925895
H22,C27,1631.212077
H22,C28,789.0646769
H22,C31,1348.463358
H22,C29,1915.358622
H22,C30,994.242117
H23,C1,1951.25325
H23,C2,2028.843113
H23,C3,1983.447742
H23,C4,1997.511258
H23,C5,1718.910597
H23,C6,1531.621286
H23,C8,1720.82445
H23,C9,1707.408931
H23,C10,1443.306988
H23,C11,1211.961913
H23,C12,1342.354155
H23,C13,1471.631973
H23,C14,918.775472
H23,C15,1881.567775
H23,C16,2079.34725
H23,C17,502.62271
H23,C18,242.3855622
H23,C19,211.0221247
H23,C20,584.3088681
H23,C7,774.4334697
H23,C21,1919.175067
H23,C22,414.3756183
H23,C23,395.948948
H23,C24,56.61540213
H23,C25,1846.055523
H23,C26,630.5426934
H23,C27,1644.828875
H23,C28,802.6814754
H23,C31,1362.080156
H23,C29,1928.97542
H23,C30,1007.858915
H24,C1,2074.66608
H24,C2,2152.255943
H24,C3,2106.860572
H24,C4,2106.150979
H24,C5,1827.550318
H24,C6,1640.261008
H24,C8,1829.464171
H24,C9,1830.821761
H24,C10,1566.719818
H24,C11,1335.374743
H24,C12,1465.766985
H24,C13,1595.044804
H24,C14,1042.188302
H24,C15,1990.207496
H24,C16,2187.986971
H24,C17,626.0355402
H24,C18,365.7983924
H24,C19,225.6216957
H24,C20,598.9084391
H24,C7,789.0330406
H24,C21,2027.814788
H24,C22,428.9751893
H24,C23,519.3617782
H24,C24,180.0282323
H24,C25,1954.695244
H24,C26,753.9555236
H24,C27,1753.468596
H24,C28,917.2369181
H24,C31,1485.492987
H24,C29,2037.615141
H24,C30,1131.271746
H25,C1,2041.199236
H25,C2,2118.789099
H25,C3,2019.86802
H25,C4,1937.410415
H25,C5,1658.809754
H25,C6,1471.520444
H25,C8,1660.723607
H25,C9,1797.354917
H25,C10,1533.252974
H25,C11,1301.907899
H25,C12,1432.300141
H25,C13,1561.57796
H25,C14,1008.721458
H25,C15,1821.466932
H25,C16,2019.246408
H25,C17,592.5686961
H25,C18,332.3315484
H25,C19,56.88113184
H25,C20,430.1678752
H25,C7,620.2924768
H25,C21,1859.074225
H25,C22,260.2346254
H25,C23,485.8949341
H25,C24,146.5613883
H25,C25,1785.95468
H25,C26,720.4886795
H25,C27,1584.728032
H25,C28,748.4963543
H25,C31,1452.026143
H25,C29,1868.874578
H25,C30,1097.804902
H26,C1,2069.379808
H26,C2,2146.96967
H26,C3,1904.46842
H26,C4,1822.010816
H26,C5,1543.410155
H26,C6,1356.120845
H26,C8,1545.324008
H26,C9,1937.180028
H26,C10,1673.078086
H26,C11,1441.733011
H26,C12,1572.125253
H26,C13,1701.403071
H26,C14,1148.54657
H26,C15,1706.067333
H26,C16,1903.846808
H26,C17,732.3938076
H26,C18,472.1566598
H26,C19,128.9457182
H26,C20,314.768276
H26,C7,507.5529116
H26,C21,1743.674625
H26,C22,332.2992118
H26,C23,625.7200456
H26,C24,286.3864997
H26,C25,1670.555081
H26,C26,860.313791
H26,C27,1469.328433
H26,C28,633.096755
H26,C31,1591.851254
H26,C29,1753.474978
H26,C30,1237.630013
H27,C1,1999.465046
H27,C2,2077.054909
H27,C3,1834.553659
H27,C4,1752.096055
H27,C5,1473.495394
H27,C6,1286.206083
H27,C8,1475.409247
H27,C9,2000.445487
H27,C10,1736.343544
H27,C11,1504.998469
H27,C12,1635.390711
H27,C13,1764.668529
H27,C14,1211.812028
H27,C15,1636.152571
H27,C16,1833.932047
H27,C17,795.6592659
H27,C18,535.4221182
H27,C19,189.7111484
H27,C20,565.49792
H27,C7,429.4972346
H27,C21,1673.759864
H27,C22,69.43938323
H27,C23,688.985504
H27,C24,349.6519581
H27,C25,1600.640319
H27,C26,923.5792494
H27,C27,1399.413672
H27,C28,563.1819938
H27,C31,1655.116712
H27,C29,1683.560217
H27,C30,1300.895471
H28,C1,2081.211505
H28,C2,2158.801368
H28,C3,1916.300117
H28,C4,1833.842513
H28,C5,1555.241852
H28,C6,1367.952542
H28,C8,1557.155705
H28,C9,1983.052069
H28,C10,1718.950126
H28,C11,1487.605051
H28,C12,1617.997294
H28,C13,1747.275112
H28,C14,1194.41861
H28,C15,1717.89903
H28,C16,1915.678505
H28,C17,778.2658483
H28,C18,518.0287006
H28,C19,172.3177308
H28,C20,548.1045024
H28,C7,511.243693
H28,C21,1755.506322
H28,C22,151.1858416
H28,C23,671.5920863
H28,C24,332.2585405
H28,C25,1682.386778
H28,C26,906.1858317
H28,C27,1481.16013
H28,C28,644.9284522
H28,C31,1637.723295
H28,C29,1765.306675
H28,C30,1283.502054
H29,C1,1736.767059
H29,C2,1814.356922
H29,C3,1571.855672
H29,C4,1489.398067
H29,C5,1210.797407
H29,C6,1023.508096
H29,C8,1212.71126
H29,C9,1808.193797
H29,C10,1544.091854
H29,C11,1312.746779
H29,C12,1443.139021
H29,C13,1572.41684
H29,C14,1019.560338
H29,C15,1373.454584
H29,C16,1571.23406
H29,C17,608.9777784
H29,C18,859.825785
H29,C19,559.8054859
H29,C20,359.2970465
H29,C7,166.7992472
H29,C21,1411.061877
H29,C22,362.8286062
H29,C23,1021.377863
H29,C24,719.7462956
H29,C25,1337.942332
H29,C26,731.3275596
H29,C27,1136.715685
H29,C28,300.4840063
H29,C31,1462.865023
H29,C29,1420.86223
H29,C30,1108.643782
H30,C1,1726.312772
H30,C2,1803.902634
H30,C3,1561.401384
H30,C4,1478.94378
H30,C5,1200.343119
H30,C6,1013.053808
H30,C8,1202.256972
H30,C9,1797.73951
H30,C10,1533.637567
H30,C11,1302.292492
H30,C12,1432.684734
H30,C13,1561.962552
H30,C14,1009.106051
H30,C15,1363.000296
H30,C16,1560.779772
H30,C17,598.5234909
H30,C18,819.3166413
H30,C19,476.1056997
H30,C20,105.1464013
H30,C7,164.4858755
H30,C21,1400.607589
H30,C22,525.8060311
H30,C23,972.880027
H30,C24,633.5464812
H30,C25,1327.488044
H30,C26,720.8732721
H30,C27,1126.261397
H30,C28,290.0297188
H30,C31,1452.410735
H30,C29,1410.407942
H30,C30,1098.189494
H31,C1,1631.613584
H31,C2,1709.203447
H31,C3,1466.702197
H31,C4,1384.244592
H31,C5,1105.643932
H31,C6,918.3546211
H31,C8,1107.557785
H31,C9,1703.040322
H31,C10,1438.93838
H31,C11,1207.593304
H31,C12,1337.985547
H31,C13,1467.263365
H31,C14,914.4068635
H31,C15,1268.301109
H31,C16,1466.080585
H31,C17,503.8243037
H31,C18,754.6723102
H31,C19,560.6036931
H31,C20,189.6443948
H31,C7,69.78668819
H31,C21,1305.908402
H31,C22,431.1068438
H31,C23,916.2243884
H31,C24,718.0444746
H31,C25,1232.788857
H31,C26,626.1740848
H31,C27,1031.56221
H31,C28,195.3305316
H31,C31,1357.711548
H31,C29,1315.708755
H31,C30,1003.490307
H32,C1,825.3659981
H32,C2,902.9558607
H32,C3,660.4546106
H32,C4,577.9970062
H32,C5,299.3963456
H32,C6,112.1070349
H32,C8,301.3101986
H32,C9,945.9113331
H32,C10,1198.907245
H32,C11,1442.643333
H32,C12,1573.035575
H32,C13,1702.313394
H32,C14,1378.619369
H32,C15,462.053523
H32,C16,659.8329987
H32,C17,968.0368093
H32,C18,1218.884816
H32,C19,1343.096404
H32,C20,972.1371053
H32,C7,787.7802218
H32,C21,499.6608157
H32,C22,1149.100377
H32,C23,1380.436894
H32,C24,1400.756128
H32,C25,426.5412709
H32,C26,1090.38659
H32,C27,225.3146236
H32,C28,659.5430372
H32,C31,1465.81008
H32,C29,509.4611687
H32,C30,1467.702813
H33,C1,677.309173
H33,C2,754.8990357
H33,C3,795.5711876
H33,C4,713.1135832
H33,C5,434.5129226
H33,C6,247.2236118
H33,C8,436.4267755
H33,C9,904.2111499
H33,C10,1157.207062
H33,C11,1400.94315
H33,C12,1531.335392
H33,C13,1660.613211
H33,C14,1597.996449
H33,C15,597.1700999
H33,C16,794.9495757
H33,C17,1187.413889
H33,C18,1438.261896
H33,C19,1562.473483
H33,C20,1191.514185
H33,C7,1007.157301
H33,C21,634.7773926
H33,C22,1368.477457
H33,C23,1599.813974
H33,C24,1620.133208
H33,C25,561.6578478
H33,C26,1309.76367
H33,C27,360.4312005
H33,C28,878.9201169
H33,C31,1424.109897
H33,C29,352.6865449
H33,C30,1687.079892
H34,C1,668.2397927
H34,C2,745.8296553
H34,C3,503.3284052
H34,C4,420.8708008
H34,C5,142.2701402
H34,C6,185.9989963
H34,C8,36.29531208
H34,C9,788.7851277
H34,C10,1041.78104
H34,C11,1285.517128
H34,C12,1415.90937
H34,C13,1545.187188
H34,C14,1576.677159
H34,C15,517.4573699
H34,C16,715.2368457
H34,C17,1222.081694
H34,C18,1472.929701
H34,C19,1597.141289
H34,C20,1226.181991
H34,C7,1041.825107
H34,C21,555.0646626
H34,C22,1403.145263
H34,C23,1634.481779
H34,C24,1654.801013
H34,C25,269.4150655
H34,C26,1344.431476
H34,C27,68.18841817
H34,C28,913.5879224
H34,C31,1308.683875
H34,C29,679.2455511
H34,C30,1673.006944
H35,C1,592.8723128
H35,C2,670.4621755
H35,C3,427.9609254
H35,C4,345.503321
H35,C5,66.90266035
H35,C6,249.5697795
H35,C8,207.7547763
H35,C9,713.4176478
H35,C10,966.4135599
H35,C11,1210.149648
H35,C12,1340.54189
H35,C13,1469.819708
H35,C14,1501.309679
H35,C15,581.0281531
H35,C16,778.8076288
H35,C17,1285.652478
H35,C18,1536.500484
H35,C19,1660.712072
H35,C20,1289.752774
H35,C7,1105.39589
H35,C21,618.6354458
H35,C22,1466.716046
H35,C23,1698.052562
H35,C24,1718.371796
H35,C25,194.0475856
H35,C26,1408.002259
H35,C27,129.9531092
H35,C28,977.1587055
H35,C31,1233.316395
H35,C29,742.8163342
H35,C30,1597.639464
H36,C1,642.0412359
H36,C2,719.6310986
H36,C3,477.1298485
H36,C4,394.6722441
H36,C5,116.0715834
H36,C6,298.7387025
H36,C8,256.9236994
H36,C9,762.5865709
H36,C10,1015.582483
H36,C11,1259.318571
H36,C12,1389.710813
H36,C13,1518.988632
H36,C14,1550.478602
H36,C15,630.1970762
H36,C16,827.9765519
H36,C17,1334.821401
H36,C18,1585.669407
H36,C19,1709.880995
H36,C20,1338.921697
H36,C7,1154.564813
H36,C21,667.8043689
H36,C22,1515.884969
H36,C23,1747.221485
H36,C24,1767.54072
H36,C25,243.2165087
H36,C26,1457.171182
H36,C27,179.1220323
H36,C28,1026.327629
H36,C31,1282.485318
H36,C29,791.9852573
H36,C30,1646.808387
H37,C1,355.4577209
H37,C2,433.0475835
H37,C3,410.8403292
H37,C4,492.3561307
H37,C5,775.8027723
H37,C6,647.3685147
H37,C8,836.5716784
H37,C9,499.191172
H37,C10,752.1870841
H37,C11,995.9231721
H37,C12,1126.315414
H37,C13,1255.593233
H37,C14,1287.083203
H37,C15,997.3150028
H37,C16,1195.094479
H37,C17,1587.558792
H37,C18,1838.406798
H37,C19,1962.618386
H37,C20,1591.659088
H37,C7,1407.302204
H37,C21,1034.922295
H37,C22,1768.62236
H37,C23,1999.958877
H37,C24,2020.278111
H37,C25,842.8344027
H37,C26,1568.384985
H37,C27,760.5761034
H37,C28,1279.06502
H37,C31,1019.089919
H37,C29,151.6821691
H37,C30,1383.412988
H38,C1,410.4884341
H38,C2,488.0782968
H38,C3,245.5770467
H38,C4,163.1194423
H38,C5,165.1931767
H38,C6,354.5253283
H38,C8,312.7103251
H38,C9,531.0337691
H38,C10,784.0296812
H38,C11,1027.765769
H38,C12,1158.158012
H38,C13,1287.43583
H38,C14,1318.925801
H38,C15,685.9837019
H38,C16,883.7631777
H38,C17,1390.608026
H38,C18,1641.456033
H38,C19,1765.667621
H38,C20,1394.708322
H38,C7,1210.351439
H38,C21,723.5909946
H38,C22,1571.671595
H38,C23,1803.008111
H38,C24,1823.327345
H38,C25,232.2248071
H38,C26,1512.957808
H38,C27,234.908658
H38,C28,1082.114254
H38,C31,1050.932516
H38,C29,712.258037
H38,C30,1415.255585
H39,C1,499.4065894
H39,C2,576.9964521
H39,C3,334.495202
H39,C4,252.0375976
H39,C5,77.96296531
H39,C6,267.2951169
H39,C8,225.4801138
H39,C9,619.9519245
H39,C10,872.9478365
H39,C11,1116.683925
H39,C12,1247.076167
H39,C13,1376.353985
H39,C14,1407.843956
H39,C15,598.7534906
H39,C16,796.5329663
H39,C17,1303.377815
H39,C18,1554.225822
H39,C19,1678.437409
H39,C20,1307.478111
H39,C7,1123.121228
H39,C21,636.3607833
H39,C22,1484.441383
H39,C23,1715.7779
H39,C24,1736.097134
H39,C25,144.9945958
H39,C26,1425.727596
H39,C27,147.6784467
H39,C28,994.884043
H39,C31,1139.850672
H39,C29,760.5416717
H39,C30,1504.17374
H40,C1,528.8562303
H40,C2,606.4460929
H40,C3,363.9448428
H40,C4,281.4872384
H40,C5,156.6953911
H40,C6,346.0275427
H40,C8,304.2125395
H40,C9,649.4015653
H40,C10,902.3974774
H40,C11,1146.133565
H40,C12,1276.525808
H40,C13,1405.803626
H40,C14,1437.293597
H40,C15,677.4859163
H40,C16,875.265392
H40,C17,1382.110241
H40,C18,1632.958247
H40,C19,1757.169835
H40,C20,1386.210537
H40,C7,1201.853653
H40,C21,715.093209
H40,C22,1563.173809
H40,C23,1794.510326
H40,C24,1814.82956
H40,C25,223.7270215
H40,C26,1504.460022
H40,C27,226.4108724
H40,C28,1073.616469
H40,C31,1169.300312
H40,C29,830.6258331
H40,C30,1533.623381
H41,C1,630.7427774
H41,C2,708.3326401
H41,C3,465.83139
H41,C4,383.3737856
H41,C5,104.7731249
H41,C6,199.8793606
H41,C8,158.0643574
H41,C9,751.2881124
H41,C10,1004.284025
H41,C11,1248.020113
H41,C12,1378.412355
H41,C13,1507.690173
H41,C14,1539.180144
H41,C15,531.3377342
H41,C16,729.11721
H41,C17,1235.962059
H41,C18,1486.810065
H41,C19,1611.021653
H41,C20,1240.062355
H41,C7,1055.705471
H41,C21,568.9450269
H41,C22,1417.025627
H41,C23,1648.362144
H41,C24,1668.681378
H41,C25,231.9180502
H41,C26,1358.31184
H41,C27,80.26269033
H41,C28,927.4682867
H41,C31,1271.18686
H41,C29,693.1259154
H41,C30,1635.509928
H42,C1,775.681806
H42,C2,853.2716687
H42,C3,610.7704186
H42,C4,528.3128142
H42,C5,249.7121535
H42,C6,80.91095728
H42,C8,251.6260065
H42,C9,896.227141
H42,C10,1149.223053
H42,C11,1392.959141
H42,C12,1523.351383
H42,C13,1652.629202
H42,C14,1527.576215
H42,C15,310.0534874
H42,C16,507.8329631
H42,C17,1116.993655
H42,C18,1367.841662
H42,C19,1492.05325
H42,C20,1121.093951
H42,C7,936.737068
H42,C21,347.6607801
H42,C22,1298.057224
H42,C23,1529.39374
H42,C24,1549.712974
H42,C25,376.8570788
H42,C26,1239.343437
H42,C27,175.6304315
H42,C28,808.4998834
H42,C31,1416.125888
H42,C29,574.1575121
H42,C30,1616.659659
H43,C1,568.7019983
H43,C2,646.2918609
H43,C3,600.8964905
H43,C4,682.412292
H43,C5,965.8589335
H43,C6,1155.191085
H43,C8,1113.376082
H43,C9,324.8576792
H43,C10,60.75573641
H43,C11,301.33415
H43,C12,431.7263923
H43,C13,561.0042105
H43,C14,592.4941813
H43,C15,1486.649459
H43,C16,1684.428935
H43,C17,1013.0016
H43,C18,1263.849607
H43,C19,1605.868548
H43,C20,1625.999953
H43,C7,1441.64307
H43,C21,1524.256751
H43,C22,1802.963225
H43,C23,1425.401685
H43,C24,1445.720919
H43,C25,1032.890564
H43,C26,873.7959629
H43,C27,1035.574415
H43,C28,1307.490163
H43,C31,324.500897
H43,C29,870.4716011
H43,C30,688.8239659
H44,C1,796.6776102
H44,C2,874.2674729
H44,C3,828.8721024
H44,C4,910.3879039
H44,C5,1193.834545
H44,C6,1383.166697
H44,C8,1341.351694
H44,C9,552.8332911
H44,C10,288.7313483
H44,C11,302.8595603
H44,C12,433.2518025
H44,C13,562.5296208
H44,C14,594.0195916
H44,C15,1714.625071
H44,C16,1912.404546
H44,C17,1014.52701
H44,C18,1265.375017
H44,C19,1607.393959
H44,C20,1627.525363
H44,C7,1443.16848
H44,C21,1752.232363
H44,C22,1804.488635
H44,C23,1426.927095
H44,C24,1447.246329
H44,C25,1260.866176
H44,C26,875.3213732
H44,C27,1263.550027
H44,C28,1309.015574
H44,C31,326.0263073
H44,C29,1098.447213
H44,C30,690.3493762
H45,C1,1760.229998
H45,C2,1837.819861
H45,C3,1595.318611
H45,C4,1512.861007
H45,C5,1234.260346
H45,C6,1046.971035
H45,C8,1236.174199
H45,C9,1831.656737
H45,C10,1567.554794
H45,C11,1336.209719
H45,C12,1466.601961
H45,C13,1595.879779
H45,C14,1043.023278
H45,C15,1396.917523
H45,C16,1594.696999
H45,C17,632.4407179
H45,C18,835.4402849
H45,C19,492.2293433
H45,C20,121.270045
H45,C7,198.4031024
H45,C21,1434.524816
H45,C22,559.7232581
H45,C23,989.0036707
H45,C24,649.6701248
H45,C25,1361.405271
H45,C26,754.7904991
H45,C27,1160.178624
H45,C28,323.9469458
H45,C31,1486.327962
H45,C29,1444.325169
H45,C30,1132.106721
H46,C1,1638.82484
H46,C2,1716.414702
H46,C3,1671.019332
H46,C4,1685.082848
H46,C5,1406.482187
H46,C6,1219.192876
H46,C8,1408.39604
H46,C9,1394.980521
H46,C10,1130.878578
H46,C11,899.5335026
H46,C12,1029.925745
H46,C13,1159.203563
H46,C14,606.3470617
H46,C15,1569.139364
H46,C16,1766.91884
H46,C17,190.1942997
H46,C18,142.6738434
H46,C19,484.6927851
H46,C20,808.7628548
H46,C7,624.4059713
H46,C21,1606.746657
H46,C22,688.0462787
H46,C23,304.2259216
H46,C24,324.5451557
H46,C25,1533.627112
H46,C26,318.1142831
H46,C27,1332.400465
H46,C28,490.2530651
H46,C31,1049.651746
H46,C29,1616.54701
H46,C30,695.4305052
H47,C1,814.631173
H47,C2,892.2210356
H47,C3,846.8256652
H47,C4,928.3414667
H47,C5,1211.788108
H47,C6,1401.12026
H47,C8,1359.305257
H47,C9,570.7868539
H47,C10,306.6849111
H47,C11,67.64489455
H47,C12,169.2929004
H47,C13,298.5707187
H47,C14,366.4998673
H47,C15,1732.578634
H47,C16,1930.358109
H47,C17,787.0072862
H47,C18,1037.855293
H47,C19,1379.874234
H47,C20,1400.005639
H47,C7,1215.648756
H47,C21,1770.185926
H47,C22,1576.968911
H47,C23,1199.407371
H47,C24,1219.726605
H47,C25,1278.819739
H47,C26,647.8016489
H47,C27,1281.50359
H47,C28,1081.495849
H47,C31,225.4580796
H47,C29,1116.400776
H47,C30,462.8296519
H48,C1,902.5303698
H48,C2,980.1202325
H48,C3,934.724862
H48,C4,1016.240664
H48,C5,1299.687305
H48,C6,1489.019457
H48,C8,1447.204454
H48,C9,658.6860507
H48,C10,394.584108
H48,C11,155.5440914
H48,C12,257.1920973
H48,C13,386.4699155
H48,C14,454.3990641
H48,C15,1820.47783
H48,C16,2018.257306
H48,C17,874.906483
H48,C18,1125.75449
H48,C19,1467.773431
H48,C20,1487.904836
H48,C7,1303.547952
H48,C21,1858.085123
H48,C22,1664.868108
H48,C23,1287.306568
H48,C24,1307.625802
H48,C25,1366.718936
H48,C26,735.7008457
H48,C27,1369.402786
H48,C28,1169.395046
H48,C31,313.3572764
H48,C29,1204.299973
H48,C30,550.7288487
H49,C1,962.9912735
H49,C2,1040.581136
H49,C3,995.1857658
H49,C4,1076.701567
H49,C5,1360.148209
H49,C6,1549.48036
H49,C8,1507.665357
H49,C9,719.1469545
H49,C10,455.0450117
H49,C11,216.0049951
H49,C12,317.653001
H49,C13,446.9308192
H49,C14,514.8599678
H49,C15,1880.938734
H49,C16,2078.71821
H49,C17,935.3673867
H49,C18,1186.215393
H49,C19,1528.234335
H49,C20,1548.36574
H49,C7,1364.008856
H49,C21,1918.546027
H49,C22,1725.329012
H49,C23,1347.767471
H49,C24,1368.086706
H49,C25,1427.179839
H49,C26,796.1617495
H49,C27,1429.86369
H49,C28,1229.85595
H49,C31,373.8181801
H49,C29,1264.760876
H49,C30,611.1897525
H50,C1,1827.195192
H50,C2,1904.785055
H50,C3,1859.389684
H50,C4,1873.4532
H50,C5,1594.852539
H50,C6,1407.563229
H50,C8,1596.766392
H50,C9,1583.350873
H50,C10,1319.24893
H50,C11,1087.903855
H50,C12,1218.296097
H50,C13,1347.573916
H50,C14,794.7174141
H50,C15,1757.509717
H50,C16,1955.289192
H50,C17,378.5646521
H50,C18,118.3275043
H50,C19,452.3577536
H50,C20,825.644497
H50,C7,812.7763237
H50,C21,1795.117009
H50,C22,655.7112472
H50,C23,170.3855044
H50,C24,292.2101242
H50,C25,1721.997465
H50,C26,506.4846355
H50,C27,1520.770817
H50,C28,678.6234175
H50,C29,1804.917362
H50,C30,883.8008576
H50,C31,1238.022099
